{
  "dataset": "mnist_784_openml",
  "input_shape": [
    28,
    28
  ],
  "accuracy": 0.9758,
  "macro_f1": 0.9755540874834064,
  "training_samples_before_augmentation": 20000,
  "training_samples_after_augmentation": 40000,
  "test_samples": 10000,
  "augment_copies": 1,
  "confusion_matrix": [
    [
      973,
      1,
      3,
      0,
      1,
      0,
      2,
      0,
      3,
      3
    ],
    [
      0,
      1115,
      1,
      2,
      1,
      1,
      1,
      2,
      2,
      0
    ],
    [
      4,
      6,
      967,
      4,
      1,
      1,
      4,
      5,
      7,
      0
    ],
    [
      2,
      1,
      4,
      982,
      1,
      14,
      1,
      6,
      7,
      2
    ],
    [
      0,
      0,
      1,
      0,
      953,
      2,
      4,
      1,
      1,
      13
    ],
    [
      6,
      0,
      0,
      3,
      1,
      873,
      11,
      2,
      3,
      3
    ],
    [
      2,
      1,
      0,
      0,
      1,
      2,
      976,
      0,
      0,
      0
    ],
    [
      3,
      2,
      6,
      0,
      3,
      0,
      0,
      1021,
      1,
      6
    ],
    [
      2,
      4,
      1,
      5,
      0,
      7,
      10,
      2,
      941,
      3
    ],
    [
      1,
      6,
      0,
      8,
      14,
      3,
      0,
      3,
      2,
      957
    ]
  ],
  "classification_report": {
    "0": {
      "precision": 0.9798590130916415,
      "recall": 0.986815415821501,
      "f1-score": 0.9833249115715007,
      "support": 986.0
    },
    "1": {
      "precision": 0.9815140845070423,
      "recall": 0.9911111111111112,
      "f1-score": 0.9862892525431225,
      "support": 1125.0
    },
    "2": {
      "precision": 0.9837232960325534,
      "recall": 0.9679679679679679,
      "f1-score": 0.9757820383451059,
      "support": 999.0
    },
    "3": {
      "precision": 0.9780876494023905,
      "recall": 0.9627450980392157,
      "f1-score": 0.9703557312252964,
      "support": 1020.0
    },
    "4": {
      "precision": 0.9764344262295082,
      "recall": 0.9774358974358974,
      "f1-score": 0.9769349051768323,
      "support": 975.0
    },
    "5": {
      "precision": 0.9667774086378738,
      "recall": 0.967849223946785,
      "f1-score": 0.9673130193905817,
      "support": 902.0
    },
    "6": {
      "precision": 0.9672943508424182,
      "recall": 0.9938900203665988,
      "f1-score": 0.9804118533400301,
      "support": 982.0
    },
    "7": {
      "precision": 0.9798464491362764,
      "recall": 0.9798464491362764,
      "f1-score": 0.9798464491362764,
      "support": 1042.0
    },
    "8": {
      "precision": 0.9731127197518097,
      "recall": 0.9651282051282051,
      "f1-score": 0.9691040164778579,
      "support": 975.0
    },
    "9": {
      "precision": 0.9696048632218845,
      "recall": 0.9627766599597586,
      "f1-score": 0.9661786976274609,
      "support": 994.0
    },
    "accuracy": 0.9758,
    "macro avg": {
      "precision": 0.97562542608534,
      "recall": 0.9755566048913316,
      "f1-score": 0.9755540874834064,
      "support": 10000.0
    },
    "weighted avg": {
      "precision": 0.9758245283598695,
      "recall": 0.9758,
      "f1-score": 0.975775323160231,
      "support": 10000.0
    }
  }
}