{
  "accuracy": 0.9805555555555555,
  "macro_f1": 0.9805015284652674,
  "cv_accuracy_mean": 0.9798223964382501,
  "cv_accuracy_std": 0.006369014139636586,
  "final_model_training_rows": 1797,
  "confusion_matrix": [
    [
      36,
      0,
      0,
      0,
      0,
      0,
      0,
      0,
      0,
      0
    ],
    [
      0,
      35,
      0,
      0,
      1,
      0,
      0,
      0,
      0,
      0
    ],
    [
      0,
      0,
      35,
      0,
      0,
      0,
      0,
      0,
      0,
      0
    ],
    [
      0,
      0,
      0,
      37,
      0,
      0,
      0,
      0,
      0,
      0
    ],
    [
      0,
      0,
      0,
      0,
      35,
      0,
      0,
      1,
      0,
      0
    ],
    [
      0,
      0,
      0,
      0,
      0,
      37,
      0,
      0,
      0,
      0
    ],
    [
      0,
      0,
      0,
      0,
      0,
      0,
      36,
      0,
      0,
      0
    ],
    [
      0,
      0,
      0,
      0,
      0,
      1,
      0,
      35,
      0,
      0
    ],
    [
      0,
      1,
      0,
      0,
      1,
      0,
      0,
      0,
      33,
      0
    ],
    [
      0,
      0,
      0,
      0,
      0,
      0,
      1,
      1,
      0,
      34
    ]
  ],
  "classification_report": {
    "0": {
      "precision": 1.0,
      "recall": 1.0,
      "f1-score": 1.0,
      "support": 36.0
    },
    "1": {
      "precision": 0.9722222222222222,
      "recall": 0.9722222222222222,
      "f1-score": 0.9722222222222222,
      "support": 36.0
    },
    "2": {
      "precision": 1.0,
      "recall": 1.0,
      "f1-score": 1.0,
      "support": 35.0
    },
    "3": {
      "precision": 1.0,
      "recall": 1.0,
      "f1-score": 1.0,
      "support": 37.0
    },
    "4": {
      "precision": 0.9459459459459459,
      "recall": 0.9722222222222222,
      "f1-score": 0.958904109589041,
      "support": 36.0
    },
    "5": {
      "precision": 0.9736842105263158,
      "recall": 1.0,
      "f1-score": 0.9866666666666667,
      "support": 37.0
    },
    "6": {
      "precision": 0.972972972972973,
      "recall": 1.0,
      "f1-score": 0.9863013698630136,
      "support": 36.0
    },
    "7": {
      "precision": 0.9459459459459459,
      "recall": 0.9722222222222222,
      "f1-score": 0.958904109589041,
      "support": 36.0
    },
    "8": {
      "precision": 1.0,
      "recall": 0.9428571428571428,
      "f1-score": 0.9705882352941176,
      "support": 35.0
    },
    "9": {
      "precision": 1.0,
      "recall": 0.9444444444444444,
      "f1-score": 0.9714285714285714,
      "support": 36.0
    },
    "accuracy": 0.9805555555555555,
    "macro avg": {
      "precision": 0.9810771297613403,
      "recall": 0.9803968253968254,
      "f1-score": 0.9805015284652674,
      "support": 360.0
    },
    "weighted avg": {
      "precision": 0.9810040303461357,
      "recall": 0.9805555555555555,
      "f1-score": 0.9805461907746357,
      "support": 360.0
    }
  }
}